quantity,value
HSIC_Li,0.1829373172306562
HSIC_total,0.1347858629999489
