model,MAE,RMSE,R2,Spearman_rho,n
static_rbf,2.3305555595868515,3.084284995027174,0.06281835920161027,0.39375578789604576,48
