model,MAE,RMSE,R2,Spearman_rho,n
li_wasserstein,1.8991465115229893,2.285145803569513,0.48555067583916445,0.6975509440726496,48
