model,MAE,RMSE,R2,Spearman_rho,n
static_plus_li_wasserstein,2.0429519150335285,2.571068715293066,0.34875839494484207,0.6173446644161823,48
